?matrícula;nome;email;senha;cargo;turma;setor
11111;Rica Ashwood;rashwood0@unc.edu;11111;Administrativo;;Secretaria
95187;Carlota McNevin;cmcnevin4@vk.com;5ySSLEMF;Administrativo;;Estágio
80068;Evita Breton;ebreton7@businessweek.com;ZxlLTDTwh6ng;Administrativo;;Biblioteca
85306;Al Gross;agross8@tumblr.com;uP0f7qZ;Administrativo;;Estágio
75190;Lynette Marquet;lmarqueta@indiatimes.com;C04Y8V;Administrativo;;Estágio
19617;Penrod Goodhand;pgoodhandb@zimbio.com;7qMw3JjCb;Administrativo;;Secretaria
87422;Lyndsie Niesel;lniesELE;8kvygux;Administrativo;;Secretaria
44767;Barbra Bruckenthal;bbruckenthalg@noaa.gov;JfiIl7rbfY;Administrativo;;Estágio
4010;Halsy Doust;hdousti@usgs.gov;tFThgKmOPQ;Administrativo;;Biblioteca
87782;Sampson Colquyte;scolquytej@sfgate.com;D0xzJ7VDWS75;Administrativo;;Biblioteca
10954;Mirabel MacGahy;mmacgahyl@businesswire.com;VL6zPH;Administrativo;;Biblioteca
6100;Farlee Crayk;fcraykw@ifeng.com;DPaxFw;Administrativo;;Secretaria
75033;Daune Siddle;dsiddlez@ustream.tv;Br1ab8;Administrativo;;Estágio
54616;Ban Girardi;bgirardi11@mayoclinic.com;SmkwQQM5rbfr;Administrativo;;Secretaria
19965;Andreana Leavy;aleavy15@huffingtonpost.com;7z1kPg;Administrativo;;Estágio
54477;Gil Bendix;gbendix18@umich.edu;0KA1iPgKcjE;Administrativo;;Estágio
19013;Cristin Riddich;criddich19@abc.net.au;9Bo5yQkW2;Administrativo;;Biblioteca
35100;Lindie Fass;lfass1d@tripod.com;FMWXNRCieazb;Administrativo;;Estágio
65898;Vevay Mandy;vmandy1e@drupal.org;1Yy7sh1;Administrativo;;Biblioteca
83899;Daryl Frost;dfrost1g@google.com.br;dSU7GkXeqNY;Administrativo;;Estágio
98130;Andreana Mugford;amugford1h@unicef.org;TgEf0oR;Administrativo;;Biblioteca
20824;Barbara-anne Hansana;bhansana1k@sphinn.com;DswyrxKpFad;Administrativo;;Secretaria
39432;Dominique Eldred;deldred1m@nyu.edu;2mA9DjwYba;Administrativo;;Estágio
11925;Karon Loalday;kloalday1p@utexas.edu;Fk3mpvZb;Administrativo;;Estágio
12036;Dory Kenner;dkenner1r@posterous.com;Bv6gvknf3u;Administrativo;;Estágio
8691;Alain Lippingwell;alippingwell1t@jalbum.net;zBxn7xh;Administrativo;;Biblioteca
4879;Enriqueta Bryan;ebryan23@biblegateway.com;xTRygIG;Administrativo;;Biblioteca
95969;Brande Heaphy;bheaphy2d@moonfruit.com;Vkw1Su4aY0h;Administrativo;;Estágio
74585;Patrice Dyball;pdyball2f@livejournal.com;A5Va3Ww5d;Administrativo;;Secretaria
93076;Florian Pendered;fpendered2g@mapquest.com;JKPPj5lQILwf;Administrativo;;Biblioteca
68270;Cynthie Broxholme;cbroxholme2h@weibo.com;1rCDqGVQb7W;Administrativo;;Estágio
50775;Corrine Kobera;ckobera2j@mac.com;y5fE8O;Administrativo;;Biblioteca
88693;Addy Pandie;apandie2l@friendfeed.com;0lMh6C7XNey;Administrativo;;Estágio
40295;Gaspar Fautley;gfautley2q@cbc.ca;4Exz4e8B;Administrativo;;Secretaria
400000;Leonhard Lurriman;llurriman2@utexas.edu;44444;Aluno;INF;
6294;Redford Fearenside;rfearensidec@vistaprint.com;0s032BQ;Aluno;CAM;
68210;Dame Ammer;dammerd@nba.com;Pjnadsv;Aluno;CAM;
68698;Raddie Jurgensen;rjurgenseno@goo.gl;6eUrnOfoT;Aluno;CAM;
94109;Aigneis Gillean;agilleanp@economist.com;98cIcV;Aluno;CAM;
36115;Allys Barchrameev;abarchrameevv@vistaprint.com;soj54iXthjL2;Aluno;ELE;
10394;Winthrop Colbourne;wcolbournex@storify.com;ud7djzNoyD;Aluno;INF;
26314;Jonell Zorro;jzorroy@blogtalkradio.com;Bspm9u;Aluno;ELE;
50888;Gerik Breukelman;gbreukelman13@constantcontact.com;7GZzigceWHEv;Aluno;CAM;
64042;Christiano Hutchinson;chutchinson14@prnewswire.com;lsj7Ia;Aluno;CAM;
70552;Justen Tulk;jtulk17@abc.net.au;Oz282pNtu;Aluno;CAM;
9638;Quintilla Durran;qdurran1b@state.tx.us;DJpV6jlLRBf;Aluno;ELE;
42174;Kellie Armfield;karmfield1f@behance.net;38e1LW;Aluno;CAM;
27261;Jilli Morgan;jmorgan1j@prnewswire.com;EQtr3J;Aluno;INF;
3782;Danni Ethridge;dethridge1n@archive.org;IFdNcke16K;Aluno;ELE;
51864;Tallie Wilshire;twilshire1u@blogtalkradio.com;PU5BRfIJq0;Aluno;INF;
29195;Bibbye Goldbourn;bgoldbourn1v@lulu.com;mSMbUfK;Aluno;ELE;
44318;Devland Battaille;dbattaille1x@shutterfly.com;ZSdJaVp;Aluno;INF;
48097;Chery Leaney;cleaney1y@statcounter.com;Fh0olJc;Aluno;ELE;
42718;Jere Goodson;jgoodson1z@usnews.com;qk3Vxb;Aluno;ELE;
74533;Kristofer Erswell;kerswell20@twitpic.com;tLt0ZqAy6y0g;Aluno;CAM;
18246;Adel Comberbach;acomberbach22@4shared.com;5wCOkfmLr;Aluno;CAM;
79609;Sloane Lissett;slissett25@hexun.com;GNeS4g46uC2;Aluno;INF;
37083;Niko Beachem;nbeachem26@nature.com;S1BceuC;Aluno;CAM;
96888;Alyss Print;aprint29@clickbank.net;7Q0VDsmDI;Aluno;INF;
83098;Elwin Erbain;eerbain2a@ox.ac.uk;0cS8CAzpb;Aluno;ELE;
40861;Rahel AbELE;rabELE;2ZQK9w4evon;Aluno;ELE;
8208;Odelle Beavors;obeavors2k@blogtalkradio.com;NZcOnxOP;Aluno;ELE;
19943;Charmaine Calderon;ccalderon2m@netvibes.com;qF1KRo;Aluno;INF;
52969;Pansy Heino;pheino2n@naver.com;tXpKtq9NHpE;Aluno;INF;
99957;Amara Bax;abax2o@geocities.jp;iwU8XpcRW;Aluno;CAM;
35981;Maddy Pacitti;mpacitti2p@noaa.gov;SJYSS0;Aluno;CAM;
82912;Merilee Garth;mgarth2r@reference.com;8vRov7mPsE;Aluno;CAM;
33000;Karlis Winterbourne;kwinterbourne1@unicef.org;333;Professor;;
87156;Alanah Reuss;areuss3@sourceforge.net;LQ27EVRhSR4g;Professor;;
48742;Ada Trayte;atrayte5@ox.ac.uk;BOGZLTh;Professor;;
37244;Gabie McEntagart;gmcentagart6@hc360.com;Xn8ufR;Professor;;
84813;Rudolph Lacasa;rlacasa9@skyrock.com;4sR26fBp9T;Professor;;
53648;Finley Ritelli;fritellif@yale.edu;AOP7rf;Professor;;
79432;Isis Wiggin;iwigginh@ted.com;KcSgBJtbN;Professor;;
58427;Romona Slite;rslitek@t.co;M0EVVUO3tI9E;Professor;;
59539;Ulric Pomfret;upomfretm@odnoklassniki.ru;3AiRaEg5nmm;Professor;;
16054;Dix Ellam;dellamn@imdb.com;sMZB3KL;Professor;;
95816;Audrey Portail;aportailq@fda.gov;E4uxpZjLG7Gg;Professor;;
56618;Darelle Gamlen;dgamlenr@dailymotion.com;xjDAjVGKb;Professor;;
8038;Eddy Wadly;ewadlys@bigcartel.com;F00V4RxFI;Professor;;
33961;Ynes Commin;ycommint@a8.net;r5HRsWcAW8;Professor;;
13817;Dulcie Cumo;dcumou@booking.com;9q6LD74kqo;Professor;;
19287;Cullin Attwooll;cattwooll10@aboutads.INF;06TqIM;Professor;;
23939;Caryl Ledes;cledes12@mapy.cz;1kza95;Professor;;
27343;Deedee Smythe;dsmythe16@msn.com;VxraUM;Professor;;
91583;Tamarah Quinnette;tquinnette1a@bloglines.com;EeYwvu1a;Professor;;
79490;Teirtza Hughman;thughman1c@phpbb.com;6E4HqJJf;Professor;;
3079;Melody Pleaden;mpleaden1i@admin.ch;hGDbPGFLCKhS;Professor;;
35694;Rosabelle Boldra;rboldra1l@blogtalkradio.com;eH0Rksqw;Professor;;
29574;Read Polkinghorne;rpolkinghorne1o@narod.ru;YCGOrAE;Professor;;
84445;Nataline Mulroy;nmulroy1q@army.mil;jhTCM1o2;Professor;;
14976;Didi Chalfain;dchalfain1s@google.es;otaZJZfc1;Professor;;
17333;Petunia Manske;pmanske1w@go.com;2FAzJQ;Professor;;
60448;Franciskus Andriolli;fandriolli21@privacy.gov.au;O5cYmalbI8;Professor;;
42810;Gael Murrow;gmurrow24@flavors.me;z03Qrxwil;Professor;;
58602;Walt O'Luby;woluby27@flavors.me;UuQE5iQhuI;Professor;;
9968;Ulrikaumeko Aliberti;ualiberti28@cnbc.com;bpHyiq7;Professor;;
111;Ruby Toomey;rtoomey2b@angelfire.com;222;Professor;;
94697;Daryle Buzza;dbuzza2c@chronoengine.com;lfYV0kFcDS;Professor;;
67243;Joey Teanby;jteanby2i@huffingtonpost.com;SkoHEvWhiPC;Professor;;
